"Customer:","Jayshree Traders","","Stock data till:","02/10/2024 to 03/10/2024","","","","","",""
"Date","Type","Sr.No.","Item","Marka","Vakkal No.","Location Code","Weight","Quantity","Outstanding Quantity","Outstanding Weight"
"02/10/2024","outward","2884","Akharot","Bag White","270924/429","CH4F005","15","1","2","30"
"03/10/2024","outward","2900","Anjeer","Sharif","240724/317/2","CH1FU01","10","2","2","20"
"03/10/2024","outward","2900","Anjeer","HE","300424/94/2","CH1FU07","11","2","9","99"
"02/10/2024","inward","433","Green Chana","Bag White","021024/433/1","CH3F117","30","8","8","240"
"02/10/2024","inward","433","Kalthi","Bag Orange","021024/433/2","CH3F117","30","14","14","420"
"02/10/2024","outward","2884","Kishmish","Rohit","190924/409","CH4FU09","10","10","65","650"
"03/10/2024","outward","2900","Soyabin","Bag Orange","280624/255/5","CH1F117","30","1","5","150"
